{
  "package-id" : "hl7.fhir.au.base",
  "canonical" : "http://hl7.org.au/fhir",
  "title" : "Australian Base IG",
  "list" : [
    {
      "version" : "current",
      "desc" : "Continuous Integration Build R4 (latest in version control)",
      "path" : "http://build.fhir.org/ig/hl7au/au-fhir-base",
      "status" : "ci-build",
      "fhirversion" : "4.0.1",
      "current" : true
    },
    {
      "version" : "2.1.0",
      "date" : "2020-07-31",
      "desc" : "August 2020 Build (pre datatype profile integration)",
      "path" : "http://hl7.org.au/fhir/2020Aug",
      "fhirversion" : "4.0.1",
      "status" : "trial-use",
      "sequence" : "AU Base 2 on R4"
    },
    {
      "version" : "2.0.0",
      "date" : "2019-07-31",
      "desc" : "August 2019 Build (PD release support)",
      "path" : "http://hl7.org.au/fhir/2019Aug",
      "fhirversion" : "4.0.0",
      "status" : "trial-use",
      "sequence" : "AU Base 2 on R4"
    },
    {
      "version" : "1.1.1",
      "date" : "2020-01-21",
      "desc" : "January 2020 Build (Rebuild for FHIR 3.0.2)",
      "path" : "http://hl7.org.au/fhir/aubase1.1",
      "fhirversion" : "3.0.2",
      "status" : "draft",
      "sequence" : "AU Base 1 on STU3"
    },
    {
      "version" : "1.0.2",
      "date" : "2019-05-06",
      "desc" : "AU Base 1 on FHIR STU3 (Official)",
      "path" : "http://hl7.org.au/fhir/aubase1",
      "fhirversion" : "3.0.1",
      "status" : "trial-use",
      "sequence" : "AU Base 1 on STU3"
    },
    {
      "version" : "1.0.1",
      "date" : "2019-02-20",
      "desc" : "QA Preview February 2019",
      "path" : "http://hl7.org.au/fhir/2019Feb",
      "fhirversion" : "3.0.1",
      "status" : "draft",
      "sequence" : "AU Base 1 on STU3"
    },
    {
      "version" : "1.0.0",
      "date" : "2018-10-15",
      "desc" : "STU Ballot October 2018",
      "path" : "http://hl7.org.au/fhir/2018Oct",
      "fhirversion" : "3.0.1",
      "status" : "ballot",
      "sequence" : "AU Base 1 on STU3"
    },
    {
      "version" : "0.9.3",
      "date" : "2018-09-12",
      "desc" : "QA Preview September 2018",
      "path" : "http://hl7.org.au/fhir/2018Sep",
      "fhirversion" : "3.0.1",
      "status" : "draft",
      "sequence" : "AU Base 1 on STU3"
    },
    {
      "version" : "0.5.0",
      "date" : "2018-03-07",
      "desc" : "Connectathon March 2018",
      "path" : "http://hl7.org.au/fhir/2018Mar",
      "fhirversion" : "3.0.1",
      "status" : "draft",
      "sequence" : "AU Base 1 on STU3"
    },
    {
      "version" : "0.4.0",
      "date" : "2017-11-23",
      "desc" : "December 2017 Build",
      "path" : "http://hl7.org.au/fhir/2017Dec",
      "fhirversion" : "3.0.1",
      "status" : "draft",
      "sequence" : "AU Base 1 on STU3"
    },
    {
      "version" : "0.3.0",
      "date" : "2017-09-20",
      "desc" : "September 2017 Build",
      "path" : "http://hl7.org.au/fhir/2017Sep",
      "fhirversion" : "3.0.1",
      "status" : "draft",
      "sequence" : "AU Base 1 on STU3"
    },
    {
      "version" : "0.2.0",
      "date" : "2017-07-25",
      "desc" : "July 2017 Build",
      "path" : "http://hl7.org.au/fhir/2017Jul",
      "fhirversion" : "3.0.1",
      "status" : "draft",
      "sequence" : "AU Base 1 on STU3"
    },
    {
      "version" : "0.1.0",
      "date" : "2017-05-04",
      "desc" : "May 2017 Connectathon",
      "path" : "http://hl7.org.au/fhir/2017Apr",
      "fhirversion" : "3.0.1",
      "status" : "draft",
      "sequence" : "AU Base 1 on STU3"
    }
  ]
}
