{"resourceType":"CodeSystem","id":"careteam-status","text":{"status":"generated","div":"<div xmlns=\"http://www.w3.org/1999/xhtml\"><h2>US Core CareTeam Status Codes</h2><div><p>Indicates whether the team is current , represents future intentions or is now a historical record.</p>\n</div><p>This code system http://hl7.org/fhir/us/core/CodeSystem/careteam-status defines the following codes:</p><table class=\"codes\"><tr><td><b>Code</b></td><td><b>Display</b></td><td><b>Definition</b></td></tr><tr><td>draft<a name=\"careteam-status-draft\"> </a></td><td>Pending</td><td>The care team is in development or awaiting formation</td></tr><tr><td>active<a name=\"careteam-status-active\"> </a></td><td>Active</td><td>The care team is current and actively involved in patient care.</td></tr><tr><td>completed<a name=\"careteam-status-completed\"> </a></td><td>Completed</td><td>The care team is no longer current and actively involved in patient care.</td></tr><tr><td>cancelled<a name=\"careteam-status-cancelled\"> </a></td><td>Cancelled</td><td>The care team has been dispanded (though it may have been replaced by a new care team).</td></tr></table></div>"},"url":"http://hl7.org/fhir/us/core/CodeSystem/careteam-status","name":"US Core CareTeam Status Codes","status":"draft","date":"2017-02-20T15:40:48-08:00","publisher":"HL7 US Realm Steering Committee","description":"Indicates whether the team is current , represents future intentions or is now a historical record.","caseSensitive":true,"valueSet":"http://hl7.org/fhir/us/core/ValueSet/careteam-status","content":"complete","concept":[{"code":"draft","display":"Pending","definition":"The care team is in development or awaiting formation"},{"code":"active","display":"Active","definition":"The care team is current and actively involved in patient care."},{"code":"completed","display":"Completed","definition":"The care team is no longer current and actively involved in patient care."},{"code":"cancelled","display":"Cancelled","definition":"The care team has been dispanded (though it may have been replaced by a new care team)."}]}